id;item_sequence;item_number;short_description;transaction_account_id
1;23532;Rolls although;West;1
2;32622;Facilitator eek Beauty;Berkshire;2
3;8379;Concrete Real Mazda;green Functionality mobile;3
4;6685;Tools Games copying;Taka;4
5;31156;Digitized registration Bacon;regarding Incredible Rufiyaa;5
6;30633;Account state Minnesota;initiatives;6
7;8636;shove;Braeden Investment Parkways;7
8;20542;Savings feed quantify;copy Accountability;8
9;15200;South;Diesel Human;9
10;3349;ugh;Agent strategic Communications;10
